Period,Percentage
Weekend,0.15773769217973882
Weekday,0.8422623078202612
