Time_of_Day,Percentage_of_Customers
Evening,45.92687620269403
Morning,33.79302971990592
Night,20.280094077400044
